{"cameraMode":{"drawMode":0,"name":"Shaded","section":"Shading Mode"},"sceneLighting":false,"audioPlay":false,"sceneViewState":{"showFog":true,"showMaterialUpdate":false,"showSkybox":true,"showFlares":true,"showImageEffects":true,"showParticleSystems":true},"in2DMode":false,"pivot":{"x":-0.5202456116676331,"y":-0.056670017540454867,"z":-0.3894677758216858},"rotation":{"x":-0.03859357908368111,"y":0.9001293778419495,"z":-0.08151219040155411,"w":-0.42618483304977419},"size":1.1714210510253907,"orthographic":false}