{"cameraMode":{"drawMode":0,"name":"Shaded","section":"Shading Mode"},"sceneLighting":false,"audioPlay":false,"sceneViewState":{"showFog":true,"showMaterialUpdate":false,"showSkybox":true,"showFlares":true,"showImageEffects":true,"showParticleSystems":true},"in2DMode":false,"pivot":{"x":-0.000009953975677490234,"y":0.8432325124740601,"z":0.0},"rotation":{"x":-0.06911377608776093,"y":0.8721651434898377,"z":-0.12913984060287476,"w":-0.4667700231075287},"size":4.474516868591309,"orthographic":true}