{"cameraMode":{"drawMode":0,"name":"Shaded","section":"Shading Mode"},"sceneLighting":false,"audioPlay":false,"sceneViewState":{"showFog":true,"showMaterialUpdate":false,"showSkybox":true,"showFlares":true,"showImageEffects":true,"showParticleSystems":true},"in2DMode":false,"pivot":{"x":0.0677490234375,"y":0.101837158203125,"z":0.016265869140625},"rotation":{"x":-0.10712967813014984,"y":0.8268501162528992,"z":-0.16847272217273713,"w":-0.525793731212616},"size":0.4064198434352875,"orthographic":true}