{"cameraMode":{"drawMode":0,"name":"Shaded","section":"Shading Mode"},"sceneLighting":false,"audioPlay":false,"sceneViewState":{"showFog":true,"showMaterialUpdate":false,"showSkybox":true,"showFlares":true,"showImageEffects":true,"showParticleSystems":true},"in2DMode":false,"pivot":{"x":0.1649169921875,"y":0.04058837890625,"z":0.0308837890625},"rotation":{"x":0.07903234660625458,"y":-0.8836917877197266,"z":0.16162435710430146,"w":0.4321115016937256},"size":0.6120902299880981,"orthographic":true}